model,mode,case,batch_size,prompt_len,decode_len,e2e_ms,gpu_busy_ms,gpu_bubble_ms,gpu_bubble_ratio,unhidden_launch_api_ms,unhidden_launch_api_pct,other_host_idle_ms,other_host_idle_pct,total_kernels,total_kernel_gpu_ms,launch_count,launch_overhead_ms,launch_overhead_pct
Qwen3-0.6B,cudagraph,bs16_p16_d128,16,16,128,230.492952,187.711753,42.781199,0.18560740633839423,9.82704,4.263488282279451,32.954159,14.297252351559973,53142,188.052741,2357,63.264983,27.447686556593716
Qwen3-0.6B,cudagraph,bs16_p16_d512,16,16,512,949.427215,818.592222,130.834993,0.13780413172588485,30.951511,3.2600193580926575,99.883482,10.520393814495828,211350,820.547736,8885,242.0411,25.49338129095025
Qwen3-0.6B,cudagraph,bs1_p16_d0,1,16,0,20.013784,2.680257,17.333527,0.8660794480444078,2.562954,12.805944143296442,14.770573,73.80200066114433,801,2.653601,181,2.608451,13.033272468614632
Qwen3-0.6B,cudagraph,bs1_p16_d128,1,16,128,247.147987,164.641831,82.506156,0.33383300831821056,52.159554,21.10458378930677,30.346602,12.27871704251429,49570,165.013218,2341,87.243732,35.30019930933121
Qwen3-0.6B,cudagraph,bs1_p16_d512,1,16,512,806.768197,680.159741,126.608456,0.1569328791972696,41.45498,5.138400367559357,85.153476,10.554887552167603,197026,682.883487,8869,248.071628,30.748810987153973
Qwen3-0.6B,cudagraph,bs1_p1k_d0,1,1024,0,14.547167,6.29505,8.252117,0.5672662587842705,0.974333,6.697750840421368,7.277784,50.02887503800568,801,6.206346,209,2.098785,14.427448313475743
Qwen3-0.6B,cudagraph,bs1_p256_d0,1,256,0,15.707779,3.57493,12.132849,0.7724102178926759,1.791749,11.40676221635153,10.3411,65.83425957291607,801,3.507154,209,2.018454,12.850028002049177
Qwen3-0.6B,cudagraph,bs1_p4k_d0,1,4096,0,25.848516,19.001821,6.846695,0.2648776819528053,0.239513,0.9266025175294396,6.607182,25.561165677751095,773,18.758847,181,2.14769,8.308755520046104
Qwen3-0.6B,cudagraph,bs1_p8k_d0,1,8192,0,53.983832,44.899902,9.08393,0.16827130760187606,0.342616,0.634664097205993,8.741314,16.192466662981612,773,44.399966,181,3.251436,6.022981102934671
Qwen3-0.6B,cudagraph,bs1_p8k_d512,1,8192,512,995.337933,885.783304,109.554629,0.1100677723291392,24.862454,2.4978907339604026,84.692175,8.508886498953515,196998,887.55803,8869,245.662685,24.681334535252763
Qwen3-0.6B,cudagraph,bs4_p16_d128,4,16,128,212.640435,175.110191,37.530244,0.17649627174624619,9.476895,4.456769945941843,28.053349,13.192857228682776,53154,176.406251,2341,64.606422,30.382942924284368
Qwen3-0.6B,cudagraph,bs4_p16_d512,4,16,512,856.16489,730.005914,126.158976,0.14735359680540042,35.023941,4.090793889013599,91.135035,10.644565791526443,211366,732.17851,8873,250.526073,29.261428017680096
Qwen3-0.6B,cudagraph,bs8_p16_d128,8,16,128,216.465392,178.819599,37.645793,0.1739113705529427,9.67506,4.46956435419478,27.970733,12.92157270109949,53134,179.999301,2349,66.243381,30.602296463168578
Qwen3-0.6B,cudagraph,bs8_p16_d512,8,16,512,878.362981,756.752262,121.610719,0.13845155320816052,31.867533,3.628059662045343,89.743186,10.21709565877071,211342,760.962641,8877,247.698542,28.2000206472727
Qwen3-0.6B,eager,bs16_p16_d128,16,16,128,1249.704132,183.841683,1065.862449,0.8528918339208948,167.792862,13.426606962679067,898.069587,71.86257642941042,49622,182.751737,49397,176.114183,14.092470248790054
Qwen3-0.6B,eager,bs16_p16_d512,16,16,512,4899.727516,823.622405,4076.105111,0.8319044472757983,683.489197,13.949534841847317,3392.615914,69.24090988573252,206678,821.216553,206453,747.52379,15.256435945855564
Qwen3-0.6B,eager,bs1_p16_d0,1,16,0,33.089835,2.600314,30.489521,0.9214165316931922,3.647672,11.02354242624661,26.841849,81.11811074307262,758,2.57561,505,3.790781,11.456028716976075
Qwen3-0.6B,eager,bs1_p16_d128,1,16,128,1130.548167,159.631256,970.916911,0.8588018974692655,155.721352,13.77396881843779,815.195559,72.10622092848875,46050,158.548215,45797,164.198628,14.523806485460428
Qwen3-0.6B,eager,bs1_p16_d512,1,16,512,4461.669685,680.692934,3780.976751,0.8474353813576856,596.934105,13.379164015813958,3184.042646,71.3643741199546,192354,678.720401,192101,654.040827,14.659104621726385
Qwen3-0.6B,eager,bs1_p1k_d0,1,1024,0,24.211533,6.26206,17.949473,0.741360449997115,1.442455,5.957718579818965,16.507018,68.17832641989253,786,6.177996,561,2.62617,10.846772899510329
Qwen3-0.6B,eager,bs1_p256_d0,1,256,0,22.388251,3.59205,18.796201,0.8395564709364747,2.550304,11.391260532142507,16.245897,72.56438656150496,798,3.516306,573,2.907077,12.984832982263777
Qwen3-0.6B,eager,bs1_p4k_d0,1,4096,0,35.843966,18.970151,16.873815,0.47075747700463727,1.485827,4.145263947633474,15.387988,42.93048375283025,770,18.73089,545,2.96152,8.262255354220569
Qwen3-0.6B,eager,bs1_p8k_d0,1,8192,0,65.15125,45.275627,19.875623,0.3050689434201186,1.695247,2.602017612862378,18.180376,27.904876729149482,770,44.756843,545,3.422943,5.253840870282612
Qwen3-0.6B,eager,bs1_p8k_d512,1,8192,512,4677.883301,884.806935,3793.076366,0.8108531406050995,580.059212,12.400035970884517,3213.017154,68.68527808962543,195458,882.182193,195233,642.014201,13.724459540552356
Qwen3-0.6B,eager,bs4_p16_d128,4,16,128,1181.11353,172.271212,1008.842318,0.8541450862898844,162.602064,13.76684458097775,846.240254,71.6476640480107,49626,171.267278,49373,170.376837,14.425102470886097
Qwen3-0.6B,eager,bs4_p16_d512,4,16,512,4844.600811,734.952976,4109.647835,0.8482944199796114,687.052834,14.181825516769084,3422.595001,70.64761648119206,206694,733.120787,206441,748.767143,15.45570362164562
Qwen3-0.6B,eager,bs8_p16_d128,8,16,128,1688.112476,175.587195,1512.525281,0.895986080609951,208.610624,12.35762586710484,1303.914657,77.24098219389026,49614,174.226142,49389,222.16233,13.16039856102574
Qwen3-0.6B,eager,bs8_p16_d512,8,16,512,5212.929859,759.475327,4453.454532,0.8543093140436594,719.461702,13.80148441394941,3733.99283,71.62944699041653,206497,757.166659,206372,787.740907,15.111289204092856
Qwen3-1.7B,cudagraph,bs16_p16_d128,16,16,128,333.795099,292.441281,41.353818,0.12388982979046076,6.964511,2.086462929163618,34.389307,10.302520049882457,53142,293.517655,2357,64.520384,19.32933832560555
Qwen3-1.7B,cudagraph,bs16_p16_d512,16,16,512,1350.183408,1220.72714,129.456268,0.09588050573940989,21.935594,1.6246380950935224,107.520674,7.9634124788474665,211350,1224.3887,8885,247.77393,18.351131300526248
Qwen3-1.7B,cudagraph,bs1_p16_d0,1,16,0,15.34363,4.187831,11.155799,0.7270638695015456,1.699463,11.076016561921788,9.456336,61.63037038823277,801,4.162871,181,1.920074,12.51381843800978
Qwen3-1.7B,cudagraph,bs1_p16_d128,1,16,128,298.283736,264.672421,33.611315,0.11268235892016587,6.1496,2.061661182894665,27.461715,9.206574709121922,49570,265.712386,2341,58.496774,19.611117516645294
Qwen3-1.7B,cudagraph,bs1_p16_d512,1,16,512,1185.136392,1075.780861,109.355531,0.09227252807202634,19.722224,1.6641311610318015,89.633307,7.563121646170831,197026,1079.86319,8869,228.804354,19.306162188967697
Qwen3-1.7B,cudagraph,bs1_p1k_d0,1,1024,0,16.210172,9.966077,6.244095,0.3851960978575675,0.290927,1.7947187728791527,5.953168,36.72489101287759,801,9.875582,209,2.069136,12.764429643312852
Qwen3-1.7B,cudagraph,bs1_p256_d0,1,256,0,15.587638,5.354894,10.232744,0.6564653349019268,1.660871,10.65505242038595,8.571873,54.991481069806724,801,5.289646,209,1.990218,12.76792545477384
Qwen3-1.7B,cudagraph,bs1_p4k_d0,1,4096,0,39.464332,32.63016,6.834172,0.17317338603374816,0.197793,0.50119434430057,6.636379,16.816144259074246,773,32.372656,181,2.063299,5.2282628273044125
Qwen3-1.7B,cudagraph,bs1_p8k_d0,1,8192,0,83.404553,75.867475,7.537078,0.09036770450649138,0.175244,0.21011322966984786,7.361834,8.82665722097929,773,75.279733,181,2.214197,2.6547675400886086
Qwen3-1.7B,cudagraph,bs1_p8k_d512,1,8192,512,1387.834027,1288.821438,99.012589,0.0713432493178091,14.22828,1.0252148112232442,84.784309,6.1091101205576654,196998,1294.717352,8869,231.643606,16.691016468354686
Qwen3-1.7B,cudagraph,bs4_p16_d128,4,16,128,316.125625,275.565134,40.560491,0.12830497685848782,7.434985,2.3519083592163716,33.125506,10.478589326632411,53130,276.486221,2345,63.621959,20.12553047542413
Qwen3-1.7B,cudagraph,bs4_p16_d512,4,16,512,1252.857705,1122.128552,130.729153,0.10434477313606816,25.256085,2.015878171895028,105.473068,8.418599141711788,211338,1127.637279,8873,257.307138,20.53761867553826
Qwen3-1.7B,cudagraph,bs8_p16_d128,8,16,128,328.363149,282.87559,45.487559,0.13852820920535147,10.008425,3.0479744851027726,35.479134,10.804846435432376,53134,283.970338,2349,89.051707,27.11988457632924
Qwen3-1.7B,cudagraph,bs8_p16_d512,8,16,512,1279.595554,1158.383167,121.212387,0.09472710859387684,21.530936,1.6826360432946612,99.681451,7.790074816093023,211342,1164.120088,8877,250.823919,19.601812323896212
Qwen3-1.7B,eager,bs16_p16_d128,16,16,128,1227.056403,284.496232,942.560171,0.7681473880870984,170.277319,13.876894214780444,772.282852,62.93784459392939,49622,284.369514,49397,184.736576,15.05526360062521
Qwen3-1.7B,eager,bs16_p16_d512,16,16,512,4803.920309,1220.309103,3583.611206,0.7459764058296746,638.438354,13.28994473126261,2945.172852,61.30769585170486,206677,1221.869904,206452,718.223271,14.95077405123541
Qwen3-1.7B,eager,bs1_p16_d0,1,16,0,22.921452,4.149396,18.772056,0.8189732482916003,2.309551,10.075936725125441,16.462505,71.8213881040346,770,4.118261,517,2.607069,11.373926049710988
Qwen3-1.7B,eager,bs1_p16_d128,1,16,128,1925.369301,256.943399,1668.425902,0.8665485115678595,223.898212,11.628845016055442,1444.52769,75.0260061407305,46038,255.804553,45785,240.998194,12.516985384301607
Qwen3-1.7B,eager,bs1_p16_d512,1,16,512,4485.192772,1063.26315,3421.929622,0.762939252770204,580.626374,12.945405103314922,2841.303248,63.34852017370548,192323,1065.30237,192083,657.786228,14.665729243710643
Qwen3-1.7B,eager,bs1_p1k_d0,1,1024,0,26.115088,9.927199,16.187889,0.6198672966371012,1.442974,5.525441844193671,14.744915,56.461287819516436,798,9.856383,573,2.867665,10.980874351256254
Qwen3-1.7B,eager,bs1_p256_d0,1,256,0,23.300138,5.328912,17.971226,0.7712926850476165,2.203933,9.458883891588968,15.767293,67.67038461317267,798,5.269424,573,2.690335,11.546433759319365
Qwen3-1.7B,eager,bs1_p4k_d0,1,4096,0,48.611479,32.506347,16.105132,0.3313030652698306,1.350617,2.778391087421965,14.754515,30.351915439561093,770,32.236811,545,2.832741,5.827308813212616
Qwen3-1.7B,eager,bs1_p8k_d0,1,8192,0,100.870261,76.627136,24.243125,0.24033966760530143,2.002038,1.9847653611206577,22.241087,22.049201399409483,770,76.020099,545,4.259066,4.22232078887949
Qwen3-1.7B,eager,bs1_p8k_d512,1,8192,512,4588.734901,1293.509175,3295.225726,0.7181120280628737,543.663792,11.847792555667622,2751.561934,59.96341025061975,195462,1295.055133,195237,629.926984,13.727683067128657
Qwen3-1.7B,eager,bs4_p16_d128,4,16,128,1188.291274,270.624349,917.666925,0.772257564352021,157.86439,13.284991100591048,759.802535,63.94076533461105,49610,270.493278,49385,170.255582,14.327765062760193
Qwen3-1.7B,eager,bs4_p16_d512,4,16,512,4868.908101,1127.499365,3741.408736,0.7684287027786726,644.280025,13.23253615872673,3097.128711,63.61033411914052,206666,1129.260451,206441,718.892403,14.764961426409966
Qwen3-1.7B,eager,bs8_p16_d128,8,16,128,1223.640414,275.756124,947.88429,0.7746428437268009,161.769328,13.220332227438183,786.114962,64.2439521452419,49614,275.643741,49389,172.614987,14.106675868585688
Qwen3-1.7B,eager,bs8_p16_d512,8,16,512,4821.642632,1157.494355,3664.148277,0.7599377549638358,638.622145,13.244908296637941,3025.526132,62.748867199745625,206670,1158.968785,206445,712.949159,14.78643718363406
Qwen3-14B,cudagraph,bs16_p16_d128,16,16,128,1468.910867,1429.066897,39.84397,0.027124838473946696,2.394681,0.1630242551674172,37.449289,2.5494595922272523,74683,1434.179944,2417,91.565211,6.233544393813788
Qwen3-14B,cudagraph,bs16_p16_d512,16,16,512,5898.305419,5785.443985,112.861434,0.019134552381170955,7.250364,0.12292283096505417,105.61107,1.7905324071520414,297522,5821.53675,8945,454.026626,7.697577418379528
Qwen3-14B,cudagraph,bs1_p16_d0,1,16,0,28.412812,21.161026,7.251786,0.2552294366358388,0.29325,1.0321048124346157,6.958536,24.490838851149263,1162,21.276417,241,2.578628,9.075581818512015
Qwen3-14B,cudagraph,bs1_p16_d128,1,16,128,1409.081742,1380.406114,28.675628,0.020350578071715586,2.216731,0.15731741700475457,26.458897,1.877740390166804,74719,1386.963508,2401,102.538959,7.277005722496971
Qwen3-14B,cudagraph,bs1_p16_d512,1,16,512,5637.81136,5517.667998,120.143362,0.021310284138346906,7.21632,0.12799860689201917,112.927042,2.003029806942671,297546,5546.982617,8929,372.697354,6.610674430227832
Qwen3-14B,cudagraph,bs1_p1k_d0,1,1024,0,56.0253,52.938177,3.087123,0.05510230199570551,0.199425,0.3559552559290178,2.887698,5.154274943641533,770,52.755905,241,2.585996,4.6157646634645415
Qwen3-14B,cudagraph,bs1_p256_d0,1,256,0,25.129554,21.32427,3.805284,0.15142664290818691,0.300474,1.1956996928795474,3.50481,13.946964597939143,906,21.255758,281,2.808042,11.174261190628373
Qwen3-14B,cudagraph,bs1_p4k_d0,1,4096,0,229.23181,224.975672,4.256138,0.018566960667457104,0.161664,0.07052424355939083,4.094474,1.7861718231863195,882,223.890872,241,2.845103,1.2411466802971192
Qwen3-14B,cudagraph,bs1_p8k_d0,1,8192,0,488.714941,484.702457,4.012484,0.008210274872689027,0.138653,0.028370935358818915,3.873831,0.7926565519100837,882,482.550041,241,2.964025,0.6064936328598965
Qwen3-14B,cudagraph,bs1_p8k_d512,1,8192,512,6412.329632,6238.304222,174.02541,0.02713918653394642,64.0986,0.9996148619703398,109.92681,1.7143037914243022,297403,6273.766621,8929,613.483594,9.567249801670833
Qwen3-14B,cudagraph,bs4_p16_d128,4,16,128,1441.169525,1403.923517,37.246008,0.025844293369997537,2.268944,0.15743768936551722,34.977064,2.4269916476342366,79658,1411.407155,2405,92.298184,6.404394653016271
Qwen3-14B,cudagraph,bs4_p16_d512,4,16,512,5773.191398,5630.277218,142.91418,0.024754796809527153,8.004363,0.13864710951334375,134.909817,2.3368325714393716,318030,5662.748489,8933,353.700324,6.1265996502823725
Qwen3-14B,cudagraph,bs8_p16_d128,8,16,128,1469.442752,1425.907815,43.534937,0.029626834349787586,2.351606,0.16003386295922878,41.183331,2.8026495720195297,79954,1434.702113,2409,91.909405,6.254711513933141
Qwen3-14B,cudagraph,bs8_p16_d512,8,16,512,5860.649803,5716.356949,144.292854,0.024620623796040183,8.261263,0.1409615533719683,136.031591,2.32110082623205,317859,5754.617427,8937,371.829299,6.344506351661974
Qwen3-14B,eager,bs16_p16_d128,16,16,128,1695.571841,1428.153217,267.418624,0.15771589120180488,41.774035,2.4637136563534145,225.644589,13.307875463827074,69938,1443.109605,69617,249.301144,14.703071729061582
Qwen3-14B,eager,bs16_p16_d512,16,16,512,6745.206942,5843.076721,902.130221,0.13374389084829355,147.800511,2.1911931282596964,754.32971,11.18319595656966,291506,5907.000287,291185,1019.386106,15.112747685362269
Qwen3-14B,eager,bs1_p16_d0,1,16,0,32.20685,21.465511,10.741339,0.3335110077514566,0.777163,2.413036357172465,9.964176,30.938064417973195,1122,21.632295,761,3.80982,11.829222665364666
Qwen3-14B,eager,bs1_p16_d128,1,16,128,1597.924331,1365.846299,232.078032,0.14523718520185672,36.595641,2.2901986214264607,195.482391,12.23351989875921,69962,1385.73355,69601,234.555987,14.678791883293501
Qwen3-14B,eager,bs1_p16_d512,1,16,512,7711.777799,5478.940717,2232.837082,0.28953597214503973,347.025392,4.499940234857382,1885.81169,24.453656979646592,291530,5549.688136,291169,1154.548617,14.97123811256222
Qwen3-14B,eager,bs1_p1k_d0,1,1024,0,72.655598,60.840663,11.814935,0.1626156184138764,0.558442,0.7686152414573754,11.256493,15.492946599930264,1122,60.795127,801,3.962912,5.454379440934475
Qwen3-14B,eager,bs1_p256_d0,1,256,0,38.513369,26.437642,12.075727,0.3135463687946905,0.697411,1.810828338595878,11.378316,29.543808540873172,1162,26.469642,841,3.989124,10.357764338923452
Qwen3-14B,eager,bs1_p4k_d0,1,4096,0,241.940436,229.559868,12.380568,0.05117196697124246,0.458857,0.1896570112819008,11.921711,4.927539685842345,1122,228.603484,801,4.072776,1.6833796232391678
Qwen3-14B,eager,bs1_p8k_d0,1,8192,0,501.249102,488.333779,12.915323,0.02576627658477082,0.454377,0.09064894045436116,12.460946,2.485978718022721,1122,486.289842,801,4.303243,0.8585038821675535
Qwen3-14B,eager,bs1_p8k_d512,1,8192,512,6998.733987,6246.607346,752.126641,0.10746609921123725,123.91972,1.7706019435826288,628.206921,8.976007977541096,295970,6323.752363,295649,988.313426,14.121317195878158
Qwen3-14B,eager,bs4_p16_d128,4,16,128,1690.840431,1398.561933,292.278498,0.17285989419305528,46.620801,2.7572561044348483,245.657697,14.528733314870681,75086,1418.971389,74725,252.142576,14.912263237689283
Qwen3-14B,eager,bs4_p16_d512,4,16,512,7720.469284,5631.803443,2088.665841,0.2705361247053438,340.120707,4.405440841593276,1748.545134,22.6481716289411,312014,5706.534111,311653,1219.784799,15.799360817714769
Qwen3-14B,eager,bs8_p16_d128,8,16,128,1713.883639,1414.961182,298.922457,0.17441234060348015,50.734709,2.9602189930234815,248.187748,14.481015067324531,75090,1435.544326,74729,269.350631,15.715806188403668
Qwen3-14B,eager,bs8_p16_d512,8,16,512,6826.862705,5740.242559,1086.620146,0.15916830218427544,181.278994,2.6553777603763895,905.341152,13.261452458051155,312018,5823.236914,311657,1057.449917,15.489544212241485
Qwen3-30B-A3B,cudagraph,bs16_p16_d128,16,16,128,705.502132,637.94582,67.556312,0.0957563541423855,12.263672,1.7382898567909644,55.29264,7.837345557447585,114010,638.151806,2409,141.803648,20.099676750516185
Qwen3-30B-A3B,cudagraph,bs16_p16_d512,16,16,512,2824.107308,2578.642482,245.464826,0.08691766963127026,42.024644,1.4880682430499204,203.440182,7.203698720077105,453466,2580.975471,8937,510.834213,18.08834287397411
Qwen3-30B-A3B,cudagraph,bs1_p16_d0,1,16,0,24.837979,14.168033,10.669946,0.4295818915057461,1.881425,7.574791008559916,8.788521,35.38339814201469,1708,14.170977,220,4.326371,17.41836966687185
Qwen3-30B-A3B,cudagraph,bs1_p16_d128,1,16,128,606.34598,549.424592,56.921388,0.09387608704851973,10.082101,1.6627637244333673,46.839287,7.724844980418605,107898,550.149549,2393,122.185246,20.151077112773137
Qwen3-30B-A3B,cudagraph,bs1_p16_d512,1,16,512,2371.911164,2181.740891,190.170273,0.08017596775390867,34.209916,1.4422933084183587,155.960357,6.5753034669725094,428922,2188.098732,8921,451.429028,19.032290705133676
Qwen3-30B-A3B,cudagraph,bs1_p1k_d0,1,1024,0,36.898833,29.899986,6.998847,0.1896766491232934,0.282537,0.7657071430958263,6.71631,18.201957769233516,1677,29.721426,233,3.423246,9.277382837554782
Qwen3-30B-A3B,cudagraph,bs1_p256_d0,1,256,0,28.863788,21.457327,7.406461,0.2566004503636182,0.312301,1.081982032295969,7.09416,24.578063004065857,1725,21.370927,281,3.54743,12.29024409408772
Qwen3-30B-A3B,cudagraph,bs1_p4k_d0,1,4096,0,101.096358,93.504033,7.592325,0.07509988638759865,0.191531,0.18945390693500552,7.400794,7.32053473182486,1677,92.570087,233,3.567495,3.5288066460317
Qwen3-30B-A3B,cudagraph,bs1_p8k_d0,1,8192,0,224.452236,216.414623,8.037613,0.03580990389420759,0.172165,0.07670451543196033,7.865448,3.504285873988798,1677,214.399429,233,3.555133,1.583915163135198
Qwen3-30B-A3B,cudagraph,bs1_p8k_d512,1,8192,512,2767.603257,2583.368884,184.234373,0.0665682021200194,33.178986,1.1988346203915454,151.055387,5.457985591610394,428874,2591.452397,8921,499.889136,18.062167499465403
Qwen3-30B-A3B,cudagraph,bs4_p16_d128,4,16,128,663.66953,601.298029,62.371501,0.0939797567623754,10.766117,1.622210529990732,51.605384,7.775765146246807,114008,602.32174,2377,127.528127,19.215606749341045
Qwen3-30B-A3B,cudagraph,bs4_p16_d512,4,16,512,2614.132967,2378.975869,235.157098,0.08995605845936298,43.444384,1.6619041398593097,191.712714,7.333701706076988,453502,2383.642253,8925,506.288168,19.3673456702939
Qwen3-30B-A3B,cudagraph,bs8_p16_d128,8,16,128,671.401839,605.375324,66.026515,0.09834127815071415,11.143243,1.659698015810767,54.883272,8.174429799260647,114002,606.083705,2401,125.608407,18.708379945322136
Qwen3-30B-A3B,cudagraph,bs8_p16_d512,8,16,512,2655.607306,2423.229439,232.377867,0.0875046044929054,41.192102,1.551136792963771,191.185765,7.199323656326769,453458,2426.844218,8929,489.534144,18.433980916303444
Qwen3-30B-A3B,eager,bs16_p16_d128,16,16,128,4960.551875,629.926149,4330.625726,0.8730128895184671,450.242885,9.076467625892935,3880.382841,78.22482132595377,108250,629.85687,107625,492.763858,9.933649932851473
Qwen3-30B-A3B,eager,bs16_p16_d512,16,16,512,29188.100527,2626.728243,26561.372284,0.9100068796676171,2361.662829,8.091183689104334,24199.709455,82.90950427765738,446554,2625.284757,445929,2674.106396,9.161632129937196
Qwen3-30B-A3B,eager,bs1_p16_d0,1,16,0,55.71633,14.095015,41.621315,0.747021833634771,3.365717,6.040808861603052,38.255598,68.66137450187405,1674,14.091879,1001,5.519779,9.906932132823536
Qwen3-30B-A3B,eager,bs1_p16_d128,1,16,128,5467.07983,538.671721,4928.408109,0.9014699368309754,444.856581,8.13700540019369,4483.551528,82.00998828290386,102138,537.866922,101465,493.738406,9.03111755000658
Qwen3-30B-A3B,eager,bs1_p16_d512,1,16,512,18252.043241,2183.013175,16069.030066,0.8803962303740194,1561.781277,8.556747627529905,14507.248789,79.48287540987204,422010,2184.269886,421337,1780.59398,9.755587122433555
Qwen3-30B-A3B,eager,bs1_p1k_d0,1,1024,0,71.536222,29.716685,41.819537,0.5845924740056863,3.128906,4.373876495742255,38.690631,54.08537090482637,1674,29.5444,1049,5.346598,7.473973115326108
Qwen3-30B-A3B,eager,bs1_p256_d0,1,256,0,63.895998,21.406459,42.489539,0.6649796596024684,3.407075,5.332219711162505,39.082464,61.16574624908433,1722,21.31734,1097,5.965529,9.33631085940625
Qwen3-30B-A3B,eager,bs1_p4k_d0,1,4096,0,135.362782,92.661698,42.701084,0.3154566075629267,3.203389,2.366521249541104,39.497695,29.179139506751568,1674,91.705732,1049,5.756667,4.252769420770327
Qwen3-30B-A3B,eager,bs1_p8k_d0,1,8192,0,261.98336,218.429634,43.553726,0.16624615395420533,3.246395,1.2391607619659508,40.307331,15.385454633454582,1674,216.403205,1049,5.961195,2.275409781751024
Qwen3-30B-A3B,eager,bs1_p8k_d512,1,8192,512,19992.946702,2642.651583,17350.295119,0.8678208058877264,1673.722334,8.37156402679035,15676.572785,78.41051656198228,427338,2642.865852,426713,1910.265342,9.55469631602082
Qwen3-30B-A3B,eager,bs4_p16_d128,4,16,128,4902.08178,587.458049,4314.623731,0.8801615159916814,429.638284,8.764404660748031,3884.985447,79.25174693842011,108286,587.423302,107613,472.287669,9.634430639792386
Qwen3-30B-A3B,eager,bs4_p16_d512,4,16,512,19228.194089,2384.156527,16844.037562,0.876007257053645,1659.334269,8.629693778415032,15184.703293,78.97103192694946,446590,2386.717806,445917,1874.205023,9.747171337698266
Qwen3-30B-A3B,eager,bs8_p16_d128,8,16,128,4851.627283,595.221321,4256.405962,0.8773151179428719,442.878963,9.128462207965534,3813.526999,78.60304958632165,108242,595.244334,107617,486.536255,10.028310639294425
Qwen3-30B-A3B,eager,bs8_p16_d512,8,16,512,20019.287479,2435.852804,17583.434675,0.8783247002893994,1723.717172,8.61028232802071,15859.717503,79.22218770091922,446546,2438.605981,445921,1947.412565,9.727681702172534
Qwen3-8B,cudagraph,bs16_p16_d128,16,16,128,896.733249,859.196281,37.536968,0.041859681284105034,3.015,0.3362203869837774,34.521968,3.849747741426726,72190,865.471995,2397,83.730525,9.337283422174078
Qwen3-8B,cudagraph,bs16_p16_d512,16,16,512,3610.561021,3501.484948,109.076073,0.030210283766313333,9.037122,0.250296891464724,100.038951,2.7707314851666096,287230,3538.2321,8925,330.218143,9.145895640022752
Qwen3-8B,cudagraph,bs1_p16_d0,1,16,0,19.288527,12.854399,6.434128,0.3335728021118461,0.834186,4.324778144023128,5.599942,29.03250206716148,1088,12.981918,220,2.558339,13.26352706974462
Qwen3-8B,cudagraph,bs1_p16_d128,1,16,128,843.035074,809.149928,33.885146,0.040194230400430526,4.953848,0.5876206284627251,28.931298,3.431802411580328,67631,815.751232,2381,80.356852,9.531851577506252
Qwen3-8B,cudagraph,bs1_p16_d512,1,16,512,3316.938151,3230.110111,86.82804,0.02617716582198641,7.283214,0.2195764186258413,79.544826,2.3981401635728,268833,3267.044631,8909,308.945349,9.314172738097582
Qwen3-8B,cudagraph,bs1_p1k_d0,1,1024,0,38.905412,32.246867,6.658545,0.1711470116291276,0.150591,0.38706954189304044,6.507954,16.727631621019718,984,32.110005,209,2.390221,6.143672247963856
Qwen3-8B,cudagraph,bs1_p256_d0,1,256,0,21.184996,15.660989,5.524007,0.260750910691699,0.177859,0.839551728024872,5.346148,25.235539341145024,1041,15.623357,245,2.283812,10.780327737612035
Qwen3-8B,cudagraph,bs1_p4k_d0,1,4096,0,130.588632,125.226752,5.36188,0.041059316709895544,0.22292,0.17070398593347696,5.13896,3.9352276850560775,987,124.428323,221,3.430187,2.626711795250294
Qwen3-8B,cudagraph,bs1_p8k_d0,1,8192,0,283.689888,279.425602,4.264286,0.015031505106026197,0.148307,0.05227785912482012,4.115979,1.4508726514777996,970,277.874854,221,2.641745,0.9312087288779217
Qwen3-8B,cudagraph,bs1_p8k_d512,1,8192,512,3855.02371,3751.531544,103.492166,0.026846051745814035,10.741306,0.27863138616078703,92.75086,2.4059737884206163,268700,3768.584988,8909,442.502805,11.478601385826497
Qwen3-8B,cudagraph,bs4_p16_d128,4,16,128,878.577556,833.717423,44.860133,0.05105995787581899,5.693138,0.6479949278376512,39.166995,4.4580008597442475,72212,838.835784,2385,84.451903,9.61234468411574
Qwen3-8B,cudagraph,bs4_p16_d512,4,16,512,3472.288225,3340.530977,131.757248,0.037945366128124346,11.856572,0.3414627828022543,119.900676,3.4530738300101804,287226,3363.101219,8906,329.560194,9.49115317176759
Qwen3-8B,cudagraph,bs8_p16_d128,8,16,128,879.804977,841.080341,38.724636,0.04401502266109595,3.149418,0.357967740844003,35.575218,4.043534525265592,72182,847.375863,2389,83.110213,9.446435877572899
Qwen3-8B,cudagraph,bs8_p16_d512,8,16,512,3516.504228,3391.226918,125.27731,0.035625525202695706,10.346415,0.2942244436283385,114.930895,3.268328076641232,287222,3415.361101,8917,321.321764,9.137533845160501
Qwen3-8B,eager,bs16_p16_d128,16,16,128,1545.381319,848.858387,696.522932,0.4507126645291097,124.065883,8.028172818879533,572.457049,37.04309363403143,67774,855.934948,67485,229.990439,14.88243944535478
Qwen3-8B,eager,bs16_p16_d512,16,16,512,6374.071266,3534.805429,2839.265837,0.4454399266203623,552.125287,8.662050735847545,2287.14055,35.88194192618869,281662,3563.95026,281373,1036.924626,16.267854291668662
Qwen3-8B,eager,bs1_p16_d0,1,16,0,27.797687,12.659215,15.138472,0.5445946635775847,1.466126,5.274273359506494,13.672346,49.18519299825198,1050,12.801423,689,3.651571,13.136240436119738
Qwen3-8B,eager,bs1_p16_d128,1,16,128,1417.472041,793.699571,623.77247,0.440059805031456,109.54805,7.72840993200232,514.22442,36.27757057114328,63222,801.759279,62861,218.792128,15.435375208222538
Qwen3-8B,eager,bs1_p16_d512,1,16,512,5852.373705,3196.051367,2656.322338,0.45388802422691493,475.946377,8.132535634103018,2180.375961,37.256266788588476,263286,3225.290956,262925,941.351799,16.084957086656175
Qwen3-8B,eager,bs1_p1k_d0,1,1024,0,47.794067,32.808618,14.985449,0.3135420344119282,1.211613,2.535069886394058,13.773836,28.81913355479876,1014,32.71841,725,3.537759,7.402088213166709
Qwen3-8B,eager,bs1_p256_d0,1,256,0,30.656836,15.634929,15.021907,0.4900018710345712,1.279976,4.175173197912531,13.741931,44.825013905544594,1050,15.650097,761,3.667608,11.963426362720536
Qwen3-8B,eager,bs1_p4k_d0,1,4096,0,143.617635,127.023145,16.59449,0.115546325491295,1.177431,0.8198373410062073,15.417059,10.734795208123291,1014,126.299754,725,4.005466,2.788979222502863
Qwen3-8B,eager,bs1_p8k_d0,1,8192,0,302.921472,287.027879,15.893593,0.05246770027579953,1.088459,0.3593205172329283,14.805134,4.887449510347025,1014,285.519656,725,3.724022,1.2293687784535787
Qwen3-8B,eager,bs1_p8k_d512,1,8192,512,6358.864502,3749.817502,2609.047,0.4103007697646959,474.593082,7.4634878892407635,2134.453918,33.566589087228834,267246,3776.556713,266957,926.462227,14.569617369714477
Qwen3-8B,eager,bs4_p16_d128,4,16,128,1563.556997,818.699407,744.85759,0.4763865925125594,130.6917,8.358614380592357,614.16589,39.28004487066358,67798,825.517,67473,229.64746,14.687501667072262
Qwen3-8B,eager,bs4_p16_d512,4,16,512,6197.373039,3316.313218,2881.059821,0.4648840408459395,519.666942,8.385277741548583,2361.392879,38.10312634304536,281683,3347.577615,281358,960.371959,15.496436198957038
Qwen3-8B,eager,bs8_p16_d128,8,16,128,1523.338472,827.658514,695.679958,0.4566811452523993,129.274343,8.486252095391182,566.405615,37.18186242984875,67766,834.931245,67477,240.760679,15.80480526326522
Qwen3-8B,eager,bs8_p16_d512,8,16,512,6153.618912,3390.344147,2763.274765,0.44904873124518896,513.734648,8.34849631325366,2249.540117,36.55637681126523,281654,3419.36105,281365,986.041457,16.02376538262953
Qwen3.5-27B,cudagraph,bs16_p16_d128,16,16,128,2910.929047,2814.45555,96.473497,0.0331418236041945,7.981773,0.2742001907681675,88.491724,3.0399821696512825,146988,3180.393396,4170,137.081052,4.709185616917581
Qwen3.5-27B,cudagraph,bs16_p16_d512,16,16,512,11442.746483,11239.144204,203.602279,0.017793130285852547,12.330244,0.10775598339365917,191.272035,1.6715570451915955,585127,12716.749223,11082,563.617072,4.925540147527884
Qwen3.5-27B,cudagraph,bs1_p16_d0,1,16,0,90.671062,25.566486,65.104576,0.7180303678366533,7.714309,8.508016592989724,57.390267,63.29502019067561,1976,26.192117,1813,10.220838,11.272436623715734
Qwen3.5-27B,cudagraph,bs1_p16_d128,1,16,128,2577.794384,2479.443521,98.350863,0.038153106240920415,8.557275,0.33196111579394305,89.793588,3.4833495082980988,126537,2838.932451,4100,116.155929,4.506019941736362
Qwen3.5-27B,cudagraph,bs1_p16_d512,1,16,512,10129.419342,9908.020038,221.399304,0.021857057796196035,13.192881,0.13024321093409424,208.206423,2.055462568685509,503235,11353.138643,11012,469.451689,4.634537016880074
Qwen3.5-27B,cudagraph,bs1_p1k_d0,1,1024,0,107.063192,88.643664,18.419528,0.17204351613204283,2.810644,2.6252196926839244,15.608884,14.57913192052036,1923,89.093711,1746,12.363747,11.54808367753504
Qwen3.5-27B,cudagraph,bs1_p256_d0,1,256,0,83.578587,31.436457,52.14213,0.6238694846563989,6.554449,7.842258687622944,45.587681,54.544689778016945,1920,31.954377,1762,9.714252,11.622895706528276
Qwen3.5-27B,cudagraph,bs1_p4k_d0,1,4096,0,368.21585,358.021839,10.194011,0.027684878312544122,0.676776,0.1837987148027441,9.517235,2.5846891164516683,1858,358.301455,1698,79.647669,21.630700851144784
Qwen3.5-27B,cudagraph,bs1_p8k_d0,1,8192,0,736.516954,726.947016,9.569938,0.012993506731957727,0.978178,0.13281133512101068,8.59176,1.166539338074762,1861,727.213255,1698,228.177224,30.980579979968798
Qwen3.5-27B,cudagraph,bs1_p8k_d512,1,8192,512,10907.702524,10770.763032,136.939492,0.012554384546030181,7.723179,0.0708048187325135,129.216313,1.1846336358705045,503734,12226.814246,10897,851.369053,7.805209677535206
Qwen3.5-27B,cudagraph,bs4_p16_d128,4,16,128,2688.555681,2581.246394,107.309287,0.039913358595603514,9.364543,0.34831129093509744,97.944744,3.6430245686252536,146859,2943.354386,4083,140.230408,5.21582680957687
Qwen3.5-27B,cudagraph,bs4_p16_d512,4,16,512,10564.520014,10315.947029,248.572985,0.023529037255889854,15.611536,0.14777326352083903,232.961449,2.205130462068146,585061,11769.148116,11038,520.601006,4.927824504190484
Qwen3.5-27B,cudagraph,bs8_p16_d128,8,16,128,2788.759036,2684.240481,104.518555,0.037478517738812625,8.797632,0.315467628663203,95.720923,3.43238414521806,146959,3049.302616,4162,140.443261,5.036048621878853
Qwen3.5-27B,cudagraph,bs8_p16_d512,8,16,512,10811.437019,10708.158125,103.278894,0.009552744359375896,7.982131,0.07383043517686147,95.296763,0.881444000760728,585133,12223.830713,11074,528.427231,4.887668772165466
Qwen3.5-27B,eager,bs16_p16_d128,16,16,128,6233.301368,2868.419609,3364.881759,0.5398233713316587,342.264576,5.490903708861073,3022.617183,48.491433424304795,145866,2881.713336,145866,704.585284,11.303565196079575
Qwen3.5-27B,eager,bs16_p16_d512,16,16,512,24535.774885,11431.788705,13103.98618,0.5340767202755496,1311.482352,5.345184157202949,11792.503828,48.06248787035201,583242,11485.923857,583242,2756.389194,11.234164019352512
Qwen3.5-27B,eager,bs1_p16_d0,1,16,0,125.435752,41.80714,83.628612,0.6667047525652814,8.522952,6.79467525335201,75.10566,59.875800003176124,2758,41.995076,2758,13.401567,10.684008973773283
Qwen3.5-27B,eager,bs1_p16_d128,1,16,128,5555.656582,2526.166439,3029.490143,0.5452983096211111,291.832387,5.252887443502533,2737.657756,49.276943518608576,125316,2539.593738,125316,594.893556,10.707889287603198
Qwen3.5-27B,eager,bs1_p16_d512,1,16,512,22268.239055,10057.712436,12210.526619,0.5483382223821739,1155.020004,5.186849311017512,11055.506615,49.646972927199876,501252,10113.217929,501252,2348.906957,10.54823846285496
Qwen3.5-27B,eager,bs1_p1k_d0,1,1024,0,137.985499,105.367459,32.61804,0.23638744822019306,2.806101,2.033620213961758,29.811939,21.605124608057547,2707,105.384963,2707,12.799486,9.275964570740872
Qwen3.5-27B,eager,bs1_p256_d0,1,256,0,127.729257,47.981547,79.74771,0.6243495959582698,7.817884,6.120668188025238,71.929826,56.31429140780174,2723,48.060298,2723,13.198968,10.333551067317334
Qwen3.5-27B,eager,bs1_p4k_d0,1,4096,0,405.749632,372.257376,33.492256,0.08254414387244595,3.112962,0.7672125257774726,30.379294,7.487201861467123,2659,372.13216,2659,84.756043,20.888754127077064
Qwen3.5-27B,eager,bs1_p8k_d0,1,8192,0,778.616674,742.290827,36.325847,0.046654339950598075,3.253125,0.4178082885494435,33.072722,4.247625706510364,2659,742.155147,2659,220.213403,28.28264669297334
Qwen3.5-27B,eager,bs1_p8k_d512,1,8192,512,18857.02742,10991.739885,7865.287535,0.41710113475562843,790.231755,4.190648596935645,7075.05578,37.5194648786272,502929,11053.865207,502929,2249.727428,11.930445758454542
Qwen3.5-27B,eager,bs4_p16_d128,4,16,128,6336.742299,2640.436813,3696.305486,0.5833132091521717,379.660044,5.99140735232225,3316.645442,52.339913562894914,145822,2652.692914,145822,691.576274,10.913750968050847
Qwen3.5-27B,eager,bs4_p16_d512,4,16,512,24395.689772,10513.907811,13881.781961,0.5690260079029504,1465.983297,6.009189781887509,12415.798664,50.89341100840754,583198,10567.317435,583198,2774.926655,11.374659544100716
Qwen3.5-27B,eager,bs8_p16_d128,8,16,128,6360.733801,2741.333018,3619.400783,0.5690225210228067,387.489697,6.091902430173716,3231.911086,50.81034967210696,145858,2753.701533,145858,713.476283,11.216886373830501
Qwen3.5-27B,eager,bs8_p16_d512,8,16,512,24558.328196,10914.723754,13643.604442,0.5555591705229445,1429.068939,5.819080711010138,12214.535503,49.73683634128431,583234,10967.835558,583234,2737.988801,11.148921779805667
